[
{
      "id" : 1,
      "first_name" : "Mohamed",
      "last_name" : "Aalami",
      "job": "Systems Architect",
      "email" : "m.alami@gmail.com",
      "phone": "0628294375",
      "photo": "photo3.jpg"
},
    {
      "id" : 2,
      "first_name" : "Sara",
      "last_name" : "El Amrani",
      "job": "Sales Engineer",
      "email" : "s.elamrani@gmail.com",
      "phone": "0661568712",
      "photo": "photo1.png"
    },
    {
      "id" : 3,
      "first_name" : "Rachid",
      "last_name" : "Mobtassim",
      "job": "Mobile Developer",
      "email" : "r.mobtassim@gmail.com",
      "phone": "0618312546",
      "photo": "photo5.jpg"
    },
    {
      "id" : 4,
      "first_name" : "Majida",
      "last_name" : "Khalil",
      "job": "Devops Engineer",
      "email" : "m.khalil@gmail.com",
      "phone": "0618654532",
      "photo": "photo4.jpg"
    },
    {
      "id" : 5,
      "first_name" : "Nabil",
      "last_name" : "Hachimi",
      "job": "Data Engineer",
      "email" : "n.hachimi@gmail.com",
      "phone": "0617656538",
      "photo": "photo3.jpg"
    },
    {
      "id" : 6,
      "first_name" : "Salma",
      "last_name" : "Semlali",
      "job": "Project Manager",
      "email" : "s.semlali@gmail.com",
      "phone": "0678654459",
      "photo": "photo2.png"
    }
]